timestamp_utc,epoch,completed_epoch,phase,status,latency_ms,error
2026-09-14T22:13:21.946+00:00,1789424001.930336,1789424001.946499,before-stop,ok,16.158,
2026-09-14T22:13:22.447+00:00,1789424002.430429,1789424002.447673,before-stop,ok,17.238,
2026-09-14T22:13:22.947+00:00,1789424002.930505,1789424002.947269,before-stop,ok,16.761,
2026-09-14T22:13:23.440+00:00,1789424003.430606,1789424003.440790,before-stop,ok,10.180,
2026-09-14T22:13:23.941+00:00,1789424003.930677,1789424003.941302,before-stop,ok,10.621,
2026-09-14T22:13:24.445+00:00,1789424004.430750,1789424004.445583,before-stop,ok,14.829,
2026-09-14T22:13:24.944+00:00,1789424004.930821,1789424004.944559,before-stop,ok,13.734,
2026-09-14T22:13:25.448+00:00,1789424005.430899,1789424005.448404,before-stop,ok,17.500,
2026-09-14T22:13:25.948+00:00,1789424005.930951,1789424005.948265,before-stop,ok,17.309,
2026-09-14T22:13:26.445+00:00,1789424006.431044,1789424006.445120,before-stop,ok,14.071,
2026-09-14T22:13:26.941+00:00,1789424006.931146,1789424006.941334,before-stop,ok,10.183,
2026-09-14T22:13:27.448+00:00,1789424007.431225,1789424007.447990,before-stop,ok,16.761,
2026-09-14T22:13:27.945+00:00,1789424007.931302,1789424007.945069,before-stop,ok,13.763,
2026-09-14T22:13:28.441+00:00,1789424008.431392,1789424008.441250,before-stop,ok,9.853,
2026-09-14T22:13:28.945+00:00,1789424008.931467,1789424008.945647,before-stop,ok,14.176,
2026-09-14T22:13:29.448+00:00,1789424009.431570,1789424009.448201,before-stop,ok,16.627,
2026-09-14T22:13:29.945+00:00,1789424009.931648,1789424009.945636,before-stop,ok,13.984,
2026-09-14T22:13:30.445+00:00,1789424010.431724,1789424010.445833,before-stop,ok,14.105,
2026-09-14T22:13:30.946+00:00,1789424010.931798,1789424010.946070,before-stop,ok,14.269,
2026-09-14T22:13:31.442+00:00,1789424011.431870,1789424011.442461,before-stop,ok,10.587,
2026-09-14T22:13:33.936+00:00,1789424011.931946,1789424013.935973,after-stop,error,2004.023,QueryCanceled: query execution canceled due to statement timeout
2026-09-14T22:13:35.944+00:00,1789424013.936188,1789424015.944824,after-stop,error,2008.634,QueryCanceled: query execution canceled due to statement timeout
2026-09-14T22:13:36.255+00:00,1789424015.944997,1789424016.255056,after-stop,ok,310.055,
2026-09-14T22:13:36.457+00:00,1789424016.445071,1789424016.457505,after-stop,ok,12.431,
2026-09-14T22:13:36.959+00:00,1789424016.945144,1789424016.959820,after-stop,ok,14.671,
2026-09-14T22:13:37.459+00:00,1789424017.445219,1789424017.459806,after-stop,ok,14.583,
2026-09-14T22:13:37.960+00:00,1789424017.945306,1789424017.960842,after-stop,ok,15.531,
2026-09-14T22:13:38.461+00:00,1789424018.445379,1789424018.461225,after-stop,ok,15.843,
2026-09-14T22:13:38.961+00:00,1789424018.945453,1789424018.961264,after-stop,ok,15.807,
2026-09-14T22:13:39.461+00:00,1789424019.445528,1789424019.460956,after-stop,ok,15.424,
2026-09-14T22:13:39.960+00:00,1789424019.945611,1789424019.960363,after-stop,ok,14.748,
2026-09-14T22:13:40.460+00:00,1789424020.445687,1789424020.460855,after-stop,ok,15.164,
2026-09-14T22:13:40.960+00:00,1789424020.945761,1789424020.960075,after-stop,ok,14.308,
2026-09-14T22:13:41.461+00:00,1789424021.445839,1789424021.461105,after-stop,ok,15.262,
2026-09-14T22:13:41.960+00:00,1789424021.945912,1789424021.960237,after-stop,ok,14.321,
2026-09-14T22:13:42.461+00:00,1789424022.445985,1789424022.461738,after-stop,ok,15.750,
2026-09-14T22:13:42.959+00:00,1789424022.946058,1789424022.959224,after-stop,ok,13.163,
2026-09-14T22:13:43.463+00:00,1789424023.446136,1789424023.463541,after-stop,ok,17.401,
2026-09-14T22:13:43.963+00:00,1789424023.946229,1789424023.963008,after-stop,ok,16.775,
2026-09-14T22:13:44.465+00:00,1789424024.446313,1789424024.465277,after-stop,ok,18.960,
2026-09-14T22:13:44.959+00:00,1789424024.946386,1789424024.959449,after-stop,ok,13.060,
2026-09-14T22:13:45.463+00:00,1789424025.446462,1789424025.462992,after-stop,ok,16.526,
2026-09-14T22:13:45.964+00:00,1789424025.946535,1789424025.964369,after-stop,ok,17.830,
2026-09-14T22:13:46.462+00:00,1789424026.446617,1789424026.462449,after-stop,ok,15.828,
2026-09-14T22:13:46.974+00:00,1789424026.946694,1789424026.974552,after-stop,ok,27.855,
2026-09-14T22:13:47.455+00:00,1789424027.446766,1789424027.455637,after-stop,ok,8.867,
2026-09-14T22:13:49.692+00:00,1789424027.946845,1789424029.691941,after-stop,ok,1745.093,
2026-09-14T22:13:49.704+00:00,1789424029.692142,1789424029.704619,after-stop,ok,12.474,
2026-09-14T22:13:50.204+00:00,1789424030.192220,1789424030.204650,after-stop,ok,12.425,
2026-09-14T22:13:50.704+00:00,1789424030.692308,1789424030.704376,after-stop,ok,12.065,
2026-09-14T22:13:51.204+00:00,1789424031.192383,1789424031.204492,after-stop,ok,12.104,
2026-09-14T22:13:51.704+00:00,1789424031.692456,1789424031.704814,after-stop,ok,12.354,
2026-09-14T22:13:52.207+00:00,1789424032.192532,1789424032.207329,after-stop,ok,14.793,
2026-09-14T22:13:52.704+00:00,1789424032.692608,1789424032.704628,after-stop,ok,12.016,
2026-09-14T22:13:53.204+00:00,1789424033.192681,1789424033.204496,after-stop,ok,11.812,
2026-09-14T22:13:53.706+00:00,1789424033.692754,1789424033.706783,after-stop,ok,14.025,
2026-09-14T22:13:54.206+00:00,1789424034.192855,1789424034.206851,after-stop,ok,13.992,
2026-09-14T22:13:54.710+00:00,1789424034.692950,1789424034.710343,after-stop,ok,17.388,
2026-09-14T22:13:55.206+00:00,1789424035.193024,1789424035.206099,after-stop,ok,13.071,
2026-09-14T22:13:55.710+00:00,1789424035.693114,1789424035.709895,after-stop,ok,16.777,
2026-09-14T22:13:56.208+00:00,1789424036.193203,1789424036.207971,after-stop,ok,14.764,
2026-09-14T22:13:56.711+00:00,1789424036.693276,1789424036.711725,after-stop,ok,18.445,
2026-09-14T22:13:57.211+00:00,1789424037.193370,1789424037.211138,after-stop,ok,17.764,
2026-09-14T22:13:57.707+00:00,1789424037.693465,1789424037.706937,after-stop,ok,13.468,
2026-09-14T22:13:58.207+00:00,1789424038.193558,1789424038.207872,after-stop,ok,14.310,
2026-09-14T22:13:58.710+00:00,1789424038.693651,1789424038.710845,after-stop,ok,17.189,
2026-09-14T22:13:59.207+00:00,1789424039.193739,1789424039.207569,after-stop,ok,13.826,
2026-09-14T22:13:59.710+00:00,1789424039.693812,1789424039.710902,after-stop,ok,17.086,
2026-09-14T22:14:00.207+00:00,1789424040.193912,1789424040.207679,after-stop,ok,13.762,
2026-09-14T22:14:00.711+00:00,1789424040.693988,1789424040.711366,after-stop,ok,17.373,
2026-09-14T22:14:01.204+00:00,1789424041.194062,1789424041.204123,after-stop,ok,10.057,
2026-09-14T22:14:01.726+00:00,1789424041.694137,1789424041.726840,after-stop,ok,32.698,
2026-09-14T22:14:02.211+00:00,1789424042.194212,1789424042.211146,after-stop,ok,16.930,
2026-09-14T22:14:02.708+00:00,1789424042.694294,1789424042.708707,after-stop,ok,14.409,
2026-09-14T22:14:03.205+00:00,1789424043.194369,1789424043.205093,after-stop,ok,10.720,
2026-09-14T22:14:03.708+00:00,1789424043.694443,1789424043.708194,after-stop,ok,13.746,
2026-09-14T22:14:04.208+00:00,1789424044.194519,1789424044.208203,after-stop,ok,13.680,
2026-09-14T22:14:04.705+00:00,1789424044.694593,1789424044.705227,after-stop,ok,10.630,
2026-09-14T22:14:05.212+00:00,1789424045.194669,1789424045.212233,after-stop,ok,17.560,
2026-09-14T22:14:05.712+00:00,1789424045.694743,1789424045.711918,after-stop,ok,17.171,
2026-09-14T22:14:06.211+00:00,1789424046.194817,1789424046.211881,after-stop,ok,17.060,
2026-09-14T22:14:06.708+00:00,1789424046.694890,1789424046.708786,after-stop,ok,13.892,
2026-09-14T22:14:07.208+00:00,1789424047.194966,1789424047.208794,after-stop,ok,13.824,
2026-09-14T22:14:07.715+00:00,1789424047.695066,1789424047.715415,after-stop,ok,20.344,
2026-09-14T22:14:08.264+00:00,1789424048.195164,1789424048.264067,after-stop,ok,68.898,
2026-09-14T22:14:08.709+00:00,1789424048.695264,1789424048.709246,after-stop,ok,13.978,
2026-09-14T22:14:09.213+00:00,1789424049.195330,1789424049.213354,after-stop,ok,18.020,
2026-09-14T22:14:09.709+00:00,1789424049.695406,1789424049.709418,after-stop,ok,14.009,
2026-09-14T22:14:10.209+00:00,1789424050.195503,1789424050.208932,after-stop,ok,13.425,
2026-09-14T22:14:10.705+00:00,1789424050.695596,1789424050.705584,after-stop,ok,9.984,
2026-09-14T22:14:11.210+00:00,1789424051.195697,1789424051.210670,after-stop,ok,14.969,
2026-09-14T22:14:11.712+00:00,1789424051.695771,1789424051.712881,after-stop,ok,17.106,
2026-09-14T22:14:12.213+00:00,1789424052.195845,1789424052.213099,after-stop,ok,17.251,
2026-09-14T22:14:12.713+00:00,1789424052.695946,1789424052.713364,after-stop,ok,17.414,
2026-09-14T22:14:13.210+00:00,1789424053.196047,1789424053.209966,after-stop,ok,13.915,
2026-09-14T22:14:13.710+00:00,1789424053.696145,1789424053.710367,after-stop,ok,14.218,
2026-09-14T22:14:14.214+00:00,1789424054.196245,1789424054.213915,after-stop,ok,17.664,
2026-09-14T22:14:14.706+00:00,1789424054.696356,1789424054.706585,after-stop,ok,10.226,
2026-09-14T22:14:15.213+00:00,1789424055.196429,1789424055.213764,after-stop,ok,17.328,
2026-09-14T22:14:15.713+00:00,1789424055.696521,1789424055.713189,after-stop,ok,16.664,
2026-09-14T22:14:16.214+00:00,1789424056.196615,1789424056.214159,after-stop,ok,17.539,
2026-09-14T22:14:16.707+00:00,1789424056.696711,1789424056.707211,after-stop,ok,10.496,
2026-09-14T22:14:17.214+00:00,1789424057.196784,1789424057.214072,after-stop,ok,17.284,
2026-09-14T22:14:17.711+00:00,1789424057.696862,1789424057.711381,after-stop,ok,14.516,
2026-09-14T22:14:18.206+00:00,1789424058.196938,1789424058.206664,after-stop,ok,9.722,
2026-09-14T22:14:18.707+00:00,1789424058.697015,1789424058.707836,after-stop,ok,10.817,
2026-09-14T22:14:19.214+00:00,1789424059.197091,1789424059.214338,after-stop,ok,17.243,
2026-09-14T22:14:19.707+00:00,1789424059.697165,1789424059.707702,after-stop,ok,10.533,
2026-09-14T22:14:20.211+00:00,1789424060.197241,1789424060.211221,after-stop,ok,13.977,
2026-09-14T22:14:20.715+00:00,1789424060.697338,1789424060.715022,after-stop,ok,17.678,
2026-09-14T22:14:21.212+00:00,1789424061.197415,1789424061.211944,after-stop,ok,14.525,
2026-09-14T22:14:21.707+00:00,1789424061.697488,1789424061.707541,after-stop,ok,10.049,
2026-09-14T22:14:22.215+00:00,1789424062.197563,1789424062.215321,after-stop,ok,17.755,
2026-09-14T22:14:22.711+00:00,1789424062.697648,1789424062.711734,after-stop,ok,14.080,
2026-09-14T22:14:23.208+00:00,1789424063.197726,1789424063.208853,after-stop,ok,11.125,
2026-09-14T22:14:23.712+00:00,1789424063.697826,1789424063.712270,after-stop,ok,14.440,
2026-09-14T22:14:24.215+00:00,1789424064.197904,1789424064.215567,after-stop,ok,17.660,
2026-09-14T22:14:24.708+00:00,1789424064.697979,1789424064.708833,after-stop,ok,10.851,
2026-09-14T22:14:25.212+00:00,1789424065.198070,1789424065.212481,after-stop,ok,14.407,
2026-09-14T22:14:25.712+00:00,1789424065.698165,1789424065.712490,after-stop,ok,14.321,
2026-09-14T22:14:26.215+00:00,1789424066.198241,1789424066.215859,after-stop,ok,17.613,
2026-09-14T22:14:26.712+00:00,1789424066.698331,1789424066.712274,after-stop,ok,13.940,
2026-09-14T22:14:27.211+00:00,1789424067.198400,1789424067.211576,after-stop,ok,13.173,
2026-09-14T22:14:27.712+00:00,1789424067.698473,1789424067.712386,after-stop,ok,13.908,
2026-09-14T22:14:28.212+00:00,1789424068.198568,1789424068.212698,after-stop,ok,14.126,
2026-09-14T22:14:28.712+00:00,1789424068.698642,1789424068.712362,after-stop,ok,13.716,
2026-09-14T22:14:29.213+00:00,1789424069.198737,1789424069.212959,after-stop,ok,14.218,
2026-09-14T22:14:29.712+00:00,1789424069.698845,1789424069.712640,after-stop,ok,13.791,
2026-09-14T22:14:30.213+00:00,1789424070.198966,1789424070.212968,after-stop,ok,13.995,
2026-09-14T22:14:30.716+00:00,1789424070.699040,1789424070.716411,after-stop,ok,17.367,
2026-09-14T22:14:31.209+00:00,1789424071.199114,1789424071.209406,after-stop,ok,10.289,
2026-09-14T22:14:31.716+00:00,1789424071.699242,1789424071.716405,after-stop,ok,17.159,
2026-09-14T22:14:32.213+00:00,1789424072.199321,1789424072.213131,after-stop,ok,13.807,
2026-09-14T22:14:32.713+00:00,1789424072.699393,1789424072.713514,after-stop,ok,14.118,
2026-09-14T22:14:33.213+00:00,1789424073.199468,1789424073.212950,after-stop,ok,13.478,
2026-09-14T22:14:33.713+00:00,1789424073.699571,1789424073.713523,after-stop,ok,13.949,
2026-09-14T22:14:34.216+00:00,1789424074.199646,1789424074.216491,after-stop,ok,16.841,
2026-09-14T22:14:34.710+00:00,1789424074.699720,1789424074.710752,after-stop,ok,11.029,
2026-09-14T22:14:35.214+00:00,1789424075.199792,1789424075.214083,after-stop,ok,14.287,
2026-09-14T22:14:35.717+00:00,1789424075.699866,1789424075.717404,after-stop,ok,17.534,
2026-09-14T22:14:36.214+00:00,1789424076.199939,1789424076.214053,after-stop,ok,14.109,
2026-09-14T22:14:36.713+00:00,1789424076.700014,1789424076.713665,after-stop,ok,13.647,
2026-09-14T22:14:37.213+00:00,1789424077.200089,1789424077.213751,after-stop,ok,13.659,
2026-09-14T22:14:37.722+00:00,1789424077.700133,1789424077.722725,after-stop,ok,22.588,
2026-09-14T22:14:38.213+00:00,1789424078.200221,1789424078.213225,after-stop,ok,13.001,
2026-09-14T22:14:38.714+00:00,1789424078.700319,1789424078.714633,after-stop,ok,14.310,
2026-09-14T22:14:39.216+00:00,1789424079.200377,1789424079.216604,after-stop,ok,16.222,
2026-09-14T22:14:39.714+00:00,1789424079.700453,1789424079.714029,after-stop,ok,13.572,
2026-09-14T22:14:40.214+00:00,1789424080.200525,1789424080.214394,after-stop,ok,13.865,
2026-09-14T22:14:40.717+00:00,1789424080.700624,1789424080.717815,after-stop,ok,17.188,
2026-09-14T22:14:41.214+00:00,1789424081.200711,1789424081.214244,after-stop,ok,13.529,
2026-09-14T22:14:41.714+00:00,1789424081.700789,1789424081.714101,after-stop,ok,13.308,
2026-09-14T22:14:42.215+00:00,1789424082.200881,1789424082.215409,after-stop,ok,14.523,
2026-09-14T22:14:42.714+00:00,1789424082.700976,1789424082.714835,after-stop,ok,13.856,
2026-09-14T22:14:43.215+00:00,1789424083.201073,1789424083.215166,after-stop,ok,14.088,
2026-09-14T22:14:43.721+00:00,1789424083.701146,1789424083.720968,after-stop,ok,19.819,
2026-09-14T22:14:44.215+00:00,1789424084.201237,1789424084.215323,after-stop,ok,14.082,
2026-09-14T22:14:44.711+00:00,1789424084.701308,1789424084.711673,after-stop,ok,10.362,
2026-09-14T22:14:45.211+00:00,1789424085.201383,1789424085.211295,after-stop,ok,9.897,
2026-09-14T22:14:45.715+00:00,1789424085.701458,1789424085.715443,after-stop,ok,13.981,
2026-09-14T22:14:46.215+00:00,1789424086.201552,1789424086.215330,after-stop,ok,13.774,
2026-09-14T22:14:46.711+00:00,1789424086.701650,1789424086.711890,after-stop,ok,10.236,
2026-09-14T22:14:47.218+00:00,1789424087.201734,1789424087.218420,after-stop,ok,16.683,
2026-09-14T22:14:47.718+00:00,1789424087.701808,1789424087.718659,after-stop,ok,16.848,
2026-09-14T22:14:48.215+00:00,1789424088.201906,1789424088.215763,after-stop,ok,13.853,
2026-09-14T22:14:48.719+00:00,1789424088.701988,1789424088.719224,after-stop,ok,17.232,
2026-09-14T22:14:49.219+00:00,1789424089.202063,1789424089.218972,after-stop,ok,16.905,
2026-09-14T22:14:49.721+00:00,1789424089.702136,1789424089.721690,after-stop,ok,19.550,
2026-09-14T22:14:50.215+00:00,1789424090.202209,1789424090.215870,after-stop,ok,13.657,
2026-09-14T22:14:50.716+00:00,1789424090.702304,1789424090.716369,after-stop,ok,14.061,
2026-09-14T22:14:51.216+00:00,1789424091.202379,1789424091.216111,after-stop,ok,13.729,
2026-09-14T22:14:51.722+00:00,1789424091.702453,1789424091.722637,after-stop,ok,20.180,
